Date,1st,2nd,3rd,1st_cumulative,2nd_cumulative,3rd_cumulative,1st_stay,2nd_stay,3rd_stay,1st_prop,2nd_prop,3rd_prop
2021/4/12,4749,0,0,4749,0,0,4749,0,0,3.79E-05,0,0
2021/4/13,4362,0,0,9111,0,0,9111,0,0,7.26E-05,0,0
2021/4/14,5362,0,0,14473,0,0,14473,0,0,0.000115399,0,0
2021/4/15,8955,0,0,23428,0,0,23428,0,0,0.000186801,0,0
2021/4/16,10959,0,0,34387,0,0,34387,0,0,0.000274182,0,0
2021/4/17,7719,0,0,42106,0,0,42106,0,0,0.000335728,0,0
2021/4/18,8458,0,0,50564,0,0,50564,0,0,0.000403167,0,0
2021/4/19,31335,0,0,81899,0,0,81899,0,0,0.000653014,0,0
2021/4/20,48533,0,0,130432,0,0,130432,0,0,0.001039988,0,0
2021/4/21,57934,0,0,188366,0,0,188366,0,0,0.001501919,0,0
2021/4/22,55670,0,0,244036,0,0,244036,0,0,0.001945799,0,0
2021/4/23,52433,0,0,296469,0,0,296469,0,0,0.002363868,0,0
2021/4/24,35802,0,0,332271,0,0,332271,0,0,0.002649332,0,0
2021/4/25,25608,0,0,357879,0,0,357879,0,0,0.002853515,0,0
2021/4/26,56641,0,0,414520,0,0,414520,0,0,0.003305137,0,0
2021/4/27,75326,0,0,489846,0,0,489846,0,0,0.003905742,0,0
2021/4/28,81745,0,0,571591,0,0,571591,0,0,0.004557529,0,0
2021/4/29,20479,0,0,592070,0,0,592070,0,0,0.004720816,0,0
2021/4/30,62014,0,0,654084,0,0,654084,0,0,0.005215279,0,0
2021/5/1,40752,0,0,694836,0,0,694836,0,0,0.005540211,0,0
2021/5/2,27333,0,0,722169,0,0,722169,0,0,0.005758148,0,0
2021/5/3,7404,810,0,729573,810,0,728763,810,0,0.005810725,6.46E-06,0
2021/5/4,8524,699,0,738097,1509,0,736588,1509,0,0.005873117,1.20E-05,0
2021/5/5,9849,911,0,747946,2420,0,745526,2420,0,0.005944383,1.93E-05,0
2021/5/6,47968,9310,0,795914,11730,0,784184,11730,0,0.006252619,9.35E-05,0
2021/5/7,50904,12002,0,846818,23732,0,823086,23732,0,0.006562801,0.000189225,0
2021/5/8,63223,7735,0,910041,31467,0,878574,31467,0,0.007005229,0.000250899,0
2021/5/9,75871,8250,0,985912,39717,0,946195,39717,0,0.007544399,0.00031668,0
2021/5/10,106356,29141,0,1092268,68858,0,1023410,68858,0,0.008160066,0.000549033,0
2021/5/11,133867,45531,0,1226135,114389,0,1111746,114389,0,0.008864405,0.00091207,0
2021/5/12,163781,54382,0,1389916,168771,0,1221145,168771,0,0.009736688,0.00134568,0
2021/5/13,160312,53118,0,1550228,221889,0,1328339,221889,0,0.01059139,0.001769212,0
2021/5/14,137001,51937,0,1687229,273826,0,1413403,273826,0,0.01126964,0.002183327,0
2021/5/15,139741,35492,0,1826970,309318,0,1517652,309318,0,0.012100859,0.002466319,0
2021/5/16,190416,24373,0,2017386,333691,0,1683695,333691,0,0.013424788,0.002660655,0
2021/5/17,211930,53026,0,2229316,386717,0,1842599,386717,0,0.014691795,0.003083453,0
2021/5/18,258205,69089,0,2487521,455806,0,2031715,455806,0,0.016199694,0.003634327,0
2021/5/19,313692,72705,0,2801213,528511,0,2272702,528511,0,0.018121182,0.004214034,0
2021/5/20,327612,28574,0,3128825,557085,0,2571740,557085,0,0.020505534,0.004441866,0
2021/5/21,284834,61688,0,3413659,618773,0,2794886,618773,0,0.022284768,0.00493373,0
2021/5/22,288238,43136,0,3701897,661909,0,3039988,661909,0,0.024239066,0.005277671,0
2021/5/23,327598,28009,0,4029495,689918,0,3339577,689918,0,0.026627812,0.005500998,0
2021/5/24,454451,10344,0,4483946,700262,0,3783684,700262,0,0.030168858,0.005583475,0
2021/5/25,525745,11046,0,5009691,711308,0,4298383,711308,0,0.034272764,0.005671549,0
2021/5/26,582080,12730,0,5591771,724038,0,4867733,724038,0,0.038812424,0.005773051,0
2021/5/27,563911,45524,0,6155682,769562,0,5386120,769562,0,0.042945735,0.006136032,0
2021/5/28,537749,48507,0,6693431,818069,0,5875362,818069,0,0.046846662,0.006522798,0
2021/5/29,478825,60221,0,7172256,878290,0,6293966,878290,0,0.050184362,0.007002965,0
2021/5/30,465069,67794,0,7637325,946084,0,6691241,946084,0,0.053351998,0.007543514,0
2021/5/31,538614,96113,0,8175939,1042197,0,7133742,1042197,0,0.056880239,0.008309862,0
2021/6/1,659505,122728,0,8835444,1164925,0,7670519,1164925,0,0.061160182,0.009288423,0
2021/6/2,681510,150334,0,9516954,1315259,0,8201695,1315259,0,0.065395465,0.010487097,0
2021/6/3,685943,148864,0,10202897,1464123,0,8738774,1464123,0,0.069677815,0.011674051,0
2021/6/4,667800,126423,0,10870697,1590546,0,9280151,1590546,0,0.073994435,0.012682073,0
2021/6/5,625861,131749,0,11496558,1722295,0,9774263,1722295,0,0.077934192,0.013732562,0
2021/6/6,569998,183445,0,12066556,1905740,0,10160816,1905740,0,0.081016337,0.015195244,0
2021/6/7,675484,196301,0,12742040,2102041,0,10639999,2102041,0,0.084837059,0.016760432,0
2021/6/8,739461,239769,0,13481501,2341810,0,11139691,2341810,0,0.088821308,0.018672208,0
2021/6/9,725717,295288,0,14207218,2637098,0,11570120,2637098,0,0.092253294,0.02102666,0
2021/6/10,708283,312188,0,14915501,2949286,0,11966215,2949286,0,0.095411521,0.023515862,0
2021/6/11,716496,274499,0,15631997,3223785,0,12408212,3223785,0,0.098935744,0.025704555,0
2021/6/12,671367,279827,0,16303364,3503612,0,12799752,3503612,0,0.102057652,0.02793573,0
2021/6/13,610760,319049,0,16914124,3822661,0,13091463,3822661,0,0.104383583,0.030479638,0
2021/6/14,619501,423080,0,17533625,4245741,0,13287884,4245741,0,0.105949728,0.033853028,0
2021/6/15,669618,492138,0,18203243,4737879,0,13465364,4737879,0,0.107364849,0.037777045,0
2021/6/16,650211,544818,0,18853454,5282697,0,13570757,5282697,0,0.10820519,0.042121101,0
2021/6/17,657193,531011,0,19510647,5813708,0,13696939,5813708,0,0.109211291,0.046355069,0
2021/6/18,639120,508731,0,20149767,6322439,0,13827328,6322439,0,0.110250935,0.050411389,0
2021/6/19,675537,449137,0,20825304,6771576,0,14053728,6771576,0,0.112056115,0.053992542,0
2021/6/20,676078,442176,0,21501382,7213752,0,14287630,7213752,0,0.113921111,0.057518192,0
2021/6/21,706102,510822,0,22207484,7724574,0,14482910,7724574,0,0.115478158,0.061591184,0
2021/6/22,742890,620837,0,22950374,8345411,0,14604963,8345411,0,0.116451337,0.066541371,0
2021/6/23,755471,642887,0,23705845,8988298,0,14717547,8988298,0,0.117349015,0.071667372,0
2021/6/24,733151,643586,0,24438996,9631884,0,14807112,9631884,0,0.118063153,0.076798946,0
2021/6/25,721131,637225,0,25160127,10269109,0,14891018,10269109,0,0.11873217,0.081879802,0
2021/6/26,760163,595975,0,25920290,10865084,0,15055206,10865084,0,0.120041308,0.086631754,0
2021/6/27,786851,548816,0,26707141,11413900,0,15293241,11413900,0,0.121939259,0.091007688,0
2021/6/28,734845,649491,0,27441986,12063391,0,15378595,12063391,0,0.122619821,0.096186345,0
2021/6/29,790910,712847,0,28232896,12776238,0,15456658,12776238,0,0.123242249,0.101870165,0
2021/6/30,833843,709962,0,29066739,13486200,0,15580539,13486200,0,0.124230003,0.107530982,0
2021/7/1,638933,680096,0,29705672,14166296,0,15539376,14166296,0,0.123901794,0.112953666,0
2021/7/2,599853,692550,0,30305525,14858846,0,15446679,14858846,0,0.123162682,0.11847565,0
2021/7/3,891363,635484,0,31196888,15494330,0,15702558,15494330,0,0.12520291,0.123542623,0
2021/7/4,843062,568394,0,32039950,16062724,0,15977226,16062724,0,0.12739295,0.128074661,0
2021/7/5,941907,610249,0,32981857,16672973,0,16308884,16672973,0,0.130037395,0.132940426,0
2021/7/6,997440,658577,0,33979297,17331550,0,16647747,17331550,0,0.132739288,0.138191529,0
2021/7/7,1025192,639081,0,35004489,17970631,0,17033858,17970631,0,0.135817909,0.143287183,0
2021/7/8,1027784,636862,0,36032273,18607493,0,17424780,18607493,0,0.13893489,0.148365144,0
2021/7/9,1038343,640207,0,37070616,19247700,0,17822916,19247700,0,0.142109391,0.153469776,0
2021/7/10,1041993,663417,0,38112609,19911117,0,18201492,19911117,0,0.145127932,0.158759471,0
2021/7/11,766505,672625,0,38879114,20583742,0,18295372,20583742,0,0.145876476,0.164122585,0
2021/7/12,803155,652967,0,39682269,21236709,0,18445560,21236709,0,0.147073986,0.169328957,0
2021/7/13,873362,675631,0,40555631,21912340,0,18643291,21912340,0,0.148650576,0.174716039,0
2021/7/14,861411,684980,0,41417042,22597320,0,18819722,22597320,0,0.150057332,0.180177665,0
2021/7/15,842217,670356,0,42259259,23267676,0,18991583,23267676,0,0.15142765,0.185522687,0
2021/7/16,872145,656746,0,43131404,23924422,0,19206982,23924422,0,0.153145115,0.190759191,0
2021/7/17,830093,697855,0,43961497,24622277,0,19339220,24622277,0,0.154199502,0.196323474,0
2021/7/18,616784,719971,0,44578281,25342248,0,19236033,25342248,0,0.15337675,0.202064097,0
2021/7/19,500655,662026,0,45078936,26004274,0,19074662,26004274,0,0.152090073,0.207342701,0
2021/7/20,777290,726849,0,45856226,26731123,0,19125103,26731123,0,0.15249226,0.213138165,0
2021/7/21,745383,775410,0,46601609,27506533,0,19095076,27506533,0,0.152252842,0.219320826,0
2021/7/22,324179,347176,0,46925788,27853709,0,19072079,27853709,0,0.152069478,0.222089002,0
2021/7/23,253439,274878,0,47179227,28128587,0,19050640,28128587,0,0.151898536,0.224280716,0
2021/7/24,467249,853315,0,47646476,28981902,0,18664574,28981902,0,0.148820274,0.231084545,0
2021/7/25,420965,790224,0,48067441,29772126,0,18295315,29772126,0,0.145876021,0.237385324,0
2021/7/26,559710,926851,0,48627151,30698977,0,17928174,30698977,0,0.142948656,0.244775486,0
2021/7/27,609388,952496,0,49236539,31651473,0,17585066,31651473,0,0.140212916,0.252370126,0
2021/7/28,602201,985399,0,49838740,32636872,0,17201868,32636872,0,0.137157521,0.260227114,0
2021/7/29,606503,972434,0,50445243,33609306,0,16835937,33609306,0,0.134239804,0.267980728,0
2021/7/30,635771,1007694,0,51081014,34617000,0,16464014,34617000,0,0.13127431,0.276015484,0
2021/7/31,641431,1006321,0,51722445,35623321,0,16099124,35623321,0,0.128364893,0.284039292,0
2021/8/1,560998,700910,0,52283443,36324231,0,15959212,36324231,0,0.127249317,0.289627934,0
2021/8/2,570604,819585,0,52854047,37143816,0,15710231,37143816,0,0.12526409,0.29616282,0
2021/8/3,588102,871131,0,53442149,38014947,0,15427202,38014947,0,0.123007384,0.303108704,0
2021/8/4,576082,865881,0,54018231,38880828,0,15137403,38880828,0,0.120696699,0.310012727,0
2021/8/5,563826,888182,0,54582057,39769010,0,14813047,39769010,0,0.118110476,0.317094565,0
2021/8/6,583539,945967,0,55165596,40714977,0,14450619,40714977,0,0.115220689,0.324637146,0
2021/8/7,699747,891464,0,55865343,41606441,0,14258902,41606441,0,0.113692051,0.331745153,0
2021/8/8,610599,635599,0,56475942,42242040,0,14233902,42242040,0,0.113492716,0.336813043,0
2021/8/9,168976,219857,0,56644918,42461897,0,14183021,42461897,0,0.113087021,0.338566053,0
2021/8/10,488896,836687,0,57133814,43298584,0,13835230,43298584,0,0.110313941,0.3452373,0
2021/8/11,498381,742253,0,57632195,44040837,0,13591358,44040837,0,0.10836945,0.351155587,0
2021/8/12,492161,437868,0,58124356,44478705,0,13645651,44478705,0,0.10880235,0.354646887,0
2021/8/13,345736,330587,0,58470092,44809292,0,13660800,44809292,0,0.10892314,0.357282792,0
2021/8/14,354777,411767,0,58824869,45221059,0,13603810,45221059,0,0.108468735,0.360565979,0
2021/8/15,369764,379868,0,59194633,45600927,0,13593706,45600927,0,0.108388172,0.363594821,0
2021/8/16,434695,586035,0,59629328,46186962,0,13442366,46186962,0,0.107181476,0.368267518,0
2021/8/17,547064,703933,0,60176392,46890895,0,13285497,46890895,0,0.105930695,0.373880263,0
2021/8/18,577602,684068,0,60753994,47574963,0,13179031,47574963,0,0.105081799,0.379334617,0
2021/8/19,576678,642475,0,61330672,48217438,0,13113234,48217438,0,0.104557172,0.384457333,0
2021/8/20,615540,696377,0,61946212,48913815,0,13032397,48913815,0,0.103912626,0.390009831,0
2021/8/21,721831,725741,0,62668043,49639556,0,13028487,49639556,0,0.10388145,0.39579646,0
2021/8/22,627942,612228,0,63295985,50251784,0,13044201,50251784,0,0.104006744,0.400678004,0
2021/8/23,548938,652767,0,63844923,50904551,0,12940372,50904551,0,0.103178873,0.405882782,0
2021/8/24,612302,655248,0,64457225,51559799,0,12897426,51559799,0,0.102836447,0.411107342,0
2021/8/25,605123,637341,0,65062348,52197140,0,12865208,52197140,0,0.10257956,0.416189123,0
2021/8/26,570595,603642,0,65632943,52800782,0,12832161,52800782,0,0.102316062,0.421002207,0
2021/8/27,641860,667995,0,66274803,53468777,0,12806026,53468777,0,0.102107677,0.426328404,0
2021/8/28,730719,749582,0,67005522,54218359,0,12787163,54218359,0,0.101957275,0.432305127,0
2021/8/29,599480,632768,0,67605002,54851127,0,12753875,54851127,0,0.101691856,0.437350445,0
2021/8/30,390392,287604,0,67995394,55138731,0,12856663,55138731,0,0.102511427,0.439643629,0
2021/8/31,652184,536773,0,68647578,55675504,0,12972074,55675504,0,0.103431646,0.44392354,0
2021/9/1,647395,496461,0,69294973,56171965,0,13123008,56171965,0,0.104635104,0.447882026,0
2021/9/2,423110,505586,0,69718083,56677551,0,13040532,56677551,0,0.103977489,0.45191327,0
2021/9/3,742548,421534,0,70460631,57099085,0,13361546,57099085,0,0.106537065,0.455274333,0
2021/9/4,958676,455757,0,71419307,57554842,0,13864465,57554842,0,0.110547044,0.45890827,0
2021/9/5,778730,403421,0,72198037,57958263,0,14239774,57958263,0,0.113539536,0.46212491,0
2021/9/6,619598,420356,0,72817635,58378619,0,14439016,58378619,0,0.115128174,0.46547658,0
2021/9/7,632830,529809,0,73450465,58908428,0,14542037,58908428,0,0.115949602,0.469700964,0
2021/9/8,599820,554947,0,74050285,59463375,0,14586910,59463375,0,0.116307393,0.474125783,0
2021/9/9,586877,543219,0,74637162,60006594,0,14630568,60006594,0,0.116655496,0.47845709,0
2021/9/10,650870,614723,0,75288032,60621317,0,14666715,60621317,0,0.116943711,0.483358528,0
2021/9/11,788609,725543,0,76076641,61346860,0,14729781,61346860,0,0.117446562,0.489143578,0
2021/9/12,620099,596428,0,76696740,61943288,0,14753452,61943288,0,0.1176353,0.493899142,0
2021/9/13,511509,518356,0,77208249,62461644,0,14746605,62461644,0,0.117580706,0.498032207,0
2021/9/14,538212,554922,0,77746461,63016566,0,14729895,63016566,0,0.117447471,0.502456826,0
2021/9/15,514939,556456,0,78261400,63573022,0,14688378,63573022,0,0.117116439,0.506893677,0
2021/9/16,501410,560537,0,78762810,64133559,0,14629251,64133559,0,0.116644995,0.511363068,0
2021/9/17,578360,642890,0,79341170,64776449,0,14564721,64776449,0,0.116130471,0.516489093,0
2021/9/18,740662,727710,0,80081832,65504159,0,14577673,65504159,0,0.116233743,0.522291422,0
2021/9/19,577109,569790,0,80658941,66073949,0,14584992,66073949,0,0.1162921,0.52683459,0
2021/9/20,157118,156553,0,80816059,66230502,0,14585557,66230502,0,0.116296605,0.528082851,0
2021/9/21,411204,688715,0,81227263,66919217,0,14308046,66919217,0,0.114083896,0.533574257,0
2021/9/22,421128,657243,0,81648391,67576460,0,14071931,67576460,0,0.112201255,0.538814724,0
2021/9/23,195112,238631,0,81843503,67815091,0,14028412,67815091,0,0.11185426,0.540717427,0
2021/9/24,436954,769699,0,82280457,68584790,0,13695667,68584790,0,0.109201148,0.546854551,0
2021/9/25,576298,944034,0,82856755,69528824,0,13327931,69528824,0,0.106269039,0.55438172,0
2021/9/26,448068,730442,0,83304823,70259266,0,13045557,70259266,0,0.104017556,0.560205833,0
2021/9/27,377423,617369,0,83682246,70876635,0,12805611,70876635,0,0.102104368,0.565128368,0
2021/9/28,407830,623465,0,84090076,71500100,0,12589976,71500100,0,0.100385022,0.570099509,0
2021/9/29,404155,594863,0,84494231,72094963,0,12399268,72094963,0,0.09886443,0.574842595,0
2021/9/30,389415,602209,0,84883646,72697172,0,12186474,72697172,0,0.097167736,0.579644253,0
2021/10/1,440482,643240,0,85324128,73340412,0,11983716,73340412,0,0.095551064,0.584773068,0
2021/10/2,598980,783093,0,85923108,74123505,0,11799603,74123505,0,0.094083056,0.591016989,0
2021/10/3,469086,609826,0,86392194,74733331,0,11658863,74733331,0,0.092960878,0.595879381,0
2021/10/4,331542,533452,0,86723736,75266783,0,11456953,75266783,0,0.091350967,0.600132811,0
2021/10/5,346519,557140,0,87070255,75823923,0,11246332,75823923,0,0.0896716,0.604575116,0
2021/10/6,331620,542524,0,87401875,76366447,0,11035428,76366447,0,0.087989976,0.608900882,0
2021/10/7,318363,539334,0,87720238,76905781,0,10814457,76905781,0,0.086228084,0.613201212,0
2021/10/8,378027,662638,0,88098265,77568419,0,10529846,77568419,0,0.083958764,0.618484696,0
2021/10/9,509507,824594,0,88607772,78393013,0,10214759,78393013,0,0.081446447,0.62505952,0
2021/10/10,379882,601625,0,88987654,78994638,0,9993016,78994638,0,0.079678399,0.629856522,0
2021/10/11,285170,217393,0,89272824,79212031,0,10060793,79212031,0,0.080218813,0.631589886,0
2021/10/12,271008,446556,0,89543832,79658587,0,9885245,79658587,0,0.078819097,0.635150459,0
2021/10/13,142144,439129,0,89685976,80097716,0,9588260,80097716,0,0.076451114,0.638651814,0
2021/10/14,263713,253127,0,89949689,80350843,0,9598846,80350843,0,0.076535521,0.640670099,0
2021/10/15,304810,518042,0,90254499,80868885,0,9385614,80868885,0,0.074835335,0.644800659,0
2021/10/16,399129,660563,0,90653628,81529448,0,9124180,81529448,0,0.072750815,0.650067598,0
2021/10/17,249789,497934,0,90903417,82027382,0,8876035,82027382,0,0.070772253,0.654037829,0
2021/10/18,177918,381702,0,91081335,82409084,0,8672251,82409084,0,0.0691474,0.657081295,0
2021/10/19,173372,420691,0,91254707,82829775,0,8424932,82829775,0,0.067175425,0.660435637,0
2021/10/20,166180,416389,0,91420887,83246164,0,8174723,83246164,0,0.065180406,0.663755676,0
2021/10/21,149009,390453,0,91569896,83636617,0,7933279,83636617,0,0.063255275,0.666868917,0
2021/10/22,195031,501493,0,91764927,84138110,0,7626817,84138110,0,0.060811728,0.670867526,0
2021/10/23,266395,666034,0,92031322,84804144,0,7227178,84804144,0,0.057625243,0.676178087,0
2021/10/24,167333,504944,0,92198655,85309088,0,6889567,85309088,0,0.054933332,0.680204212,0
2021/10/25,110307,355387,0,92308962,85664475,0,6644487,85664475,0,0.052979209,0.683037858,0
2021/10/26,113737,361041,0,92422699,86025516,0,6397183,86025516,0,0.051007354,0.685916585,0
2021/10/27,106052,346569,0,92528751,86372085,0,6156666,86372085,0,0.049089613,0.688679921,0
2021/10/28,102867,334345,0,92631618,86706430,0,5925188,86706430,0,0.047243945,0.691345791,0
2021/10/29,131628,426986,0,92763246,87133416,0,5629830,87133416,0,0.044888935,0.694750325,0
2021/10/30,182215,569669,0,92945461,87703085,0,5242376,87703085,0,0.041799606,0.699292528,0
2021/10/31,119759,407980,0,93065220,88111065,0,4954155,88111065,0,0.039501502,0.702545519,0
2021/11/1,57295,277768,0,93122515,88388833,0,4733682,88388833,0,0.037743581,0.704760277,0
2021/11/2,38744,275463,0,93161259,88664296,0,4496963,88664296,0,0.035856123,0.706956656,0
2021/11/3,21736,77595,0,93182995,88741891,0,4441104,88741891,0,0.035410737,0.707575353,0
2021/11/4,55001,274017,0,93237996,89015908,0,4222088,89015908,0,0.033664433,0.709760202,0
2021/11/5,84769,328761,0,93322765,89344669,0,3978096,89344669,0,0.031718985,0.712381548,0
2021/11/6,116370,439701,0,93439135,89784370,0,3654765,89784370,0,0.029140935,0.715887464,0
2021/11/7,73595,278042,0,93512730,90062412,0,3450318,90062412,0,0.027510795,0.718104406,0
2021/11/8,48359,183050,0,93561089,90245462,0,3315627,90245462,0,0.026436849,0.719563939,0
2021/11/9,50366,177704,0,93611455,90423166,0,3188289,90423166,0,0.025421531,0.720980845,0
2021/11/10,33996,174313,0,93645451,90597479,0,3047972,90597479,0,0.024302726,0.722370714,0
2021/11/11,30635,153390,0,93676086,90750869,0,2925217,90750869,0,0.02332395,0.723593755,0
2021/11/12,50799,222338,0,93726885,90973207,0,2753678,90973207,0,0.0219562,0.725366547,0
2021/11/13,67698,291027,0,93794583,91264234,0,2530349,91264234,0,0.020175506,0.727687024,0
2021/11/14,30912,176118,0,93825495,91440352,0,2385143,91440352,0,0.01901772,0.729091285,0
2021/11/15,25932,120153,0,93851427,91560505,0,2290922,91560505,0,0.018266457,0.730049314,0
2021/11/16,25367,121145,0,93876794,91681650,0,2195144,91681650,0,0.01750278,0.731015252,0
2021/11/17,24963,115595,0,93901757,91797245,0,2104512,91797245,0,0.016780134,0.731936939,0
2021/11/18,23397,106839,0,93925154,91904084,0,2021070,91904084,0,0.016114817,0.73278881,0
2021/11/19,42173,157787,0,93967327,92061871,0,1905456,92061871,0,0.015192979,0.73404691,0
2021/11/20,55995,224008,0,94023322,92285879,0,1737443,92285879,0,0.013853343,0.735833017,0
2021/11/21,24967,133841,0,94048289,92419720,0,1628569,92419720,0,0.012985246,0.736900186,0
2021/11/22,22604,70454,0,94070893,92490174,0,1580719,92490174,0,0.012603718,0.737461945,0
2021/11/23,4988,20838,0,94075881,92511012,0,1564869,92511012,0,0.01247734,0.737628095,0
2021/11/24,22478,48788,0,94098359,92559800,0,1538559,92559800,0,0.012267559,0.738017101,0
2021/11/25,20246,66254,0,94118605,92626054,0,1492551,92626054,0,0.011900719,0.738545371,0
2021/11/26,38367,111059,0,94156972,92737113,0,1419859,92737113,0,0.011321116,0.73943089,0
2021/11/27,51587,156599,0,94208559,92893712,0,1314847,92893712,0,0.010483812,0.740679518,0
2021/11/28,19873,93639,0,94228432,92987351,0,1241081,92987351,0,0.009895646,0.74142614,0
2021/11/29,18368,57676,0,94246800,93045027,0,1201773,93045027,0,0.009582227,0.741886014,0
2021/11/30,18074,62263,0,94264874,93107290,0,1157584,93107290,0,0.00922989,0.742382463,0
2021/12/1,16191,32968,4943,94281065,93140258,4943,1140807,93135315,4943,0.00909612,0.742605917,3.94E-05
2021/12/2,15285,29870,3900,94296350,93170128,8843,1126222,93161285,8843,0.008979828,0.742812987,7.05E-05
2021/12/3,29175,53360,10134,94325525,93223488,18977,1102037,93204511,18977,0.008786991,0.743157645,0.000151311
2021/12/4,44663,77142,2597,94370188,93300630,21574,1069558,93279056,21574,0.008528023,0.743752023,0.000172018
2021/12/5,16216,33277,819,94386404,93333907,22393,1052497,93311514,22393,0.008391989,0.744010824,0.000178549
2021/12/6,14038,25876,10338,94400442,93359783,32731,1040659,93327052,32731,0.008297599,0.744134715,0.000260978
2021/12/7,11781,24493,12316,94412223,93384276,45047,1027947,93339229,45047,0.008196241,0.744231807,0.000359178
2021/12/8,6839,23608,13969,94419062,93407884,59016,1011178,93348868,59016,0.008062535,0.744308663,0.000470559
2021/12/9,4862,22067,16343,94423924,93429951,75359,993973,93354592,75359,0.007925353,0.744354302,0.000600868
2021/12/10,7923,44314,43016,94431847,93474265,118375,957582,93355890,118375,0.007635193,0.744364652,0.000943852
2021/12/11,11024,61960,7048,94442871,93536225,125423,906646,93410802,125423,0.007229059,0.744802488,0.001000049
2021/12/12,4431,24913,776,94447302,93561138,126199,886164,93434939,126199,0.007065748,0.744994942,0.001006236
2021/12/13,4687,21930,34168,94451989,93583068,160367,868921,93422701,160367,0.006928262,0.744897363,0.001278672
2021/12/14,7320,7753,38561,94459309,93590821,198928,868488,93391893,198928,0.00692481,0.744651719,0.001586134
2021/12/15,9663,22229,47843,94468972,93613050,246771,855922,93366279,246771,0.006824616,0.744447488,0.001967606
2021/12/16,10205,20340,52873,94479177,93633390,299644,845787,93333746,299644,0.006743805,0.744188089,0.002389184
2021/12/17,22949,41586,96372,94502126,93674976,396016,827150,93278960,396016,0.006595205,0.743751258,0.003157597
2021/12/18,35475,58896,23228,94537601,93733872,419244,803729,93314628,419244,0.00640846,0.744035653,0.003342804
2021/12/19,14403,22060,2612,94552004,93755932,421856,796072,93334076,421856,0.006347407,0.74419072,0.00336363
2021/12/20,6480,19047,57273,94558484,93774979,479129,783505,93295850,479129,0.006247205,0.743885929,0.003820291
2021/12/21,12476,18874,64565,94570960,93793853,543694,777107,93250159,543694,0.006196192,0.743521616,0.004335094
2021/12/22,12724,18808,71729,94583684,93812661,615423,771023,93197238,615423,0.006147681,0.743099655,0.004907019
2021/12/23,10537,16635,74765,94594221,93829296,690188,764925,93139108,690188,0.00609906,0.742636161,0.005503151
2021/12/24,18447,32637,116895,94612668,93861933,807083,750735,93054850,807083,0.005985917,0.741964337,0.006435202
2021/12/25,27962,51655,44270,94640630,93913588,851353,727042,93062235,851353,0.005797003,0.742023221,0.006788185
2021/12/26,11414,21419,7222,94652044,93935007,858575,717037,93076432,858575,0.005717229,0.742136419,0.006845769
2021/12/27,8912,16356,57812,94660956,93951363,916387,709593,93034976,916387,0.005657875,0.741805874,0.007306728
2021/12/28,7140,12972,72519,94668096,93964335,988906,703761,92975429,988906,0.005611374,0.741331081,0.007884952
2021/12/29,2926,4569,43410,94671022,93968904,1032316,702118,92936588,1032316,0.005598274,0.741021386,0.008231077
2021/12/30,941,1222,10991,94671963,93970126,1043307,701837,92926819,1043307,0.005596033,0.740943494,0.008318713
2021/12/31,210,200,860,94672173,93970326,1044167,701847,92926159,1044167,0.005596113,0.740938231,0.00832557
2022/1/1,15,24,301,94672188,93970350,1044468,701838,92925882,1044468,0.005596041,0.740936023,0.00832797
2022/1/2,128,190,611,94672316,93970540,1045079,701776,92925461,1045079,0.005595547,0.740932666,0.008332842
2022/1/3,116,245,827,94672432,93970785,1045906,701647,92924879,1045906,0.005594518,0.740928025,0.008339436
2022/1/4,3282,6501,11590,94675714,93977286,1057496,698428,92919790,1057496,0.005568852,0.740887449,0.008431848
2022/1/5,5989,10490,30020,94681703,93987776,1087516,693927,92900260,1087516,0.005532963,0.740731728,0.008671209
2022/1/6,6737,10800,41931,94688440,93998576,1129447,689864,92869129,1129447,0.005500568,0.740483508,0.009005542
2022/1/7,16442,25441,108176,94704882,94024017,1237623,680865,92786394,1237623,0.005428815,0.739823828,0.009868074
2022/1/8,27169,40249,120885,94732051,94064266,1358508,667785,92705758,1358508,0.005324523,0.739180884,0.010831939
2022/1/9,10407,14196,16475,94742458,94078462,1374983,663996,92703479,1374983,0.005294311,0.739162713,0.010963301
2022/1/10,1318,2312,5506,94743776,94080774,1380489,663002,92700285,1380489,0.005286386,0.739137245,0.011007203
2022/1/11,8978,15247,93725,94752754,94096021,1474214,656733,92621807,1474214,0.005236401,0.738511508,0.011754511
2022/1/12,9148,13881,128585,94761902,94109902,1602799,652000,92507103,1602799,0.005198662,0.737596926,0.012779771
2022/1/13,8247,11187,131055,94770149,94121089,1733854,649060,92387235,1733854,0.005175221,0.73664117,0.013824726
2022/1/14,17407,20632,238480,94787556,94141721,1972334,645835,92169387,1972334,0.005149506,0.734904179,0.015726225
2022/1/15,27160,31925,181191,94814716,94173646,2153525,641070,92020121,2153525,0.005111513,0.73371402,0.017170935
2022/1/16,10807,13093,35166,94825523,94186739,2188691,638784,91998048,2188691,0.005093286,0.733538023,0.017451328
2022/1/17,11044,10339,162157,94836567,94197078,2350848,639489,91846230,2350848,0.005098907,0.732327516,0.018744272
2022/1/18,11451,7598,213564,94848018,94204676,2564412,643342,91640264,2564412,0.005129629,0.730685265,0.020447105
2022/1/19,10742,5292,239198,94858760,94209968,2803610,648792,91406358,2803610,0.005173084,0.728820237,0.022354328
2022/1/20,10356,3762,239579,94869116,94213730,3043189,655386,91170541,3043189,0.00522566,0.726939972,0.024264589
2022/1/21,12179,6148,378074,94881295,94219878,3421263,661417,90798615,3421263,0.005273748,0.723974454,0.027279128
2022/1/22,27778,6996,286684,94909073,94226874,3707947,682199,90518927,3707947,0.005439451,0.721744387,0.029564976
2022/1/23,10023,3217,87238,94919096,94230091,3795185,689005,90434906,3795185,0.005493718,0.721074453,0.030260561
2022/1/24,10985,2485,267601,94930081,94232576,4062786,697505,90169790,4062786,0.005561492,0.718960575,0.032394253
2022/1/25,11057,4234,314517,94941138,94236810,4377303,704328,89859507,4377303,0.005615895,0.716486562,0.034902025
2022/1/26,10409,5939,333175,94951547,94242749,4710478,708798,89532271,4710478,0.005651536,0.713877376,0.037558566
2022/1/27,9609,6671,324794,94961156,94249420,5035272,711736,89214148,5035272,0.005674962,0.711340851,0.040148281
2022/1/28,19338,16178,450150,94980494,94265598,5485422,714896,88780176,5485422,0.005700158,0.707880615,0.043737511
2022/1/29,26256,27463,368819,95006750,94293061,5854241,713689,88438820,5854241,0.005690534,0.705158844,0.046678255
2022/1/30,9440,11128,169814,95016190,94304189,6024055,712001,88280134,6024055,0.005677075,0.703893576,0.048032252
2022/1/31,9582,2837,342686,95025772,94307026,6366741,718746,87940285,6366741,0.005730856,0.701183821,0.050764627
2022/2/1,12477,7384,649661,95038249,94314410,7016402,723839,87298008,7016402,0.005771464,0.696062684,0.05594464
2022/2/2,7122,7578,634783,95045371,94321988,7651185,723383,86670803,7651185,0.005767828,0.691061722,0.061006024
2022/2/3,9617,7481,640227,95054988,94329469,8291412,725519,86038057,8291412,0.005784859,0.68601658,0.066110815
2022/2/4,18640,16025,788673,95073628,94345494,9080085,728134,85265409,9080085,0.00580571,0.679855942,0.072399227
2022/2/5,25360,24476,733389,95098988,94369970,9813474,729018,84556496,9813474,0.005812758,0.674203489,0.078246838
2022/2/6,9429,9810,492633,95108417,94379780,10306107,728637,84073673,10306107,0.00580972,0.670353744,0.082174802
2022/2/7,11774,9668,791366,95120191,94389448,11097473,730743,83291975,11097473,0.005826512,0.664120946,0.088484686
2022/2/8,9832,10674,889603,95130023,94400122,11987076,729901,82413046,11987076,0.005819799,0.657112886,0.095577854
2022/2/9,9444,9791,876447,95139467,94409913,12863523,729554,81546390,12863523,0.005817032,0.650202684,0.102566124
2022/2/10,8983,10448,900662,95148450,94420361,13764185,728089,80656176,13764185,0.005805351,0.643104644,0.10974747
2022/2/11,4318,3168,386267,95152768,94423529,14150452,729239,80273077,14150452,0.00581452,0.640050039,0.112827335
2022/2/12,18082,26256,897686,95170850,94449785,15048138,721065,79401647,15048138,0.005749346,0.633101771,0.119984952
2022/2/13,7463,9305,619968,95178313,94459090,15668106,719223,78790984,15668106,0.005734659,0.628232706,0.12492821
2022/2/14,8057,10475,881503,95186370,94469565,16549609,716805,77919956,16549609,0.005715379,0.621287644,0.131956794
2022/2/15,9278,10901,981138,95195648,94480466,17530747,715182,76949719,17530747,0.005702438,0.613551548,0.139779808
2022/2/16,9092,9500,947404,95204740,94489966,18478151,714774,76011815,18478151,0.005699185,0.606073256,0.147333847
2022/2/17,8543,9060,938914,95213283,94499026,19417065,714257,75081961,19417065,0.005695063,0.59865915,0.154820192
2022/2/18,15465,19606,1091379,95228748,94518632,20508444,710116,74010188,20508444,0.005662045,0.590113466,0.163522203
2022/2/19,20232,25641,1056711,95248980,94544273,21565155,704707,72979118,21565155,0.005618917,0.581892324,0.171947791
2022/2/20,8632,8917,738907,95257612,94553190,22304062,704422,72249128,22304062,0.005616644,0.576071815,0.177839399
2022/2/21,7687,9752,932347,95265299,94562942,23236409,702357,71326533,23236409,0.005600179,0.568715588,0.185273382
2022/2/22,8750,12925,1055657,95274049,94575867,24292066,698182,70283801,24292066,0.00556689,0.56040146,0.193690567
2022/2/23,2447,2580,436662,95276496,94578447,24728728,698049,69849719,24728728,0.00556583,0.556940347,0.197172251
2022/2/24,7477,11006,958544,95283973,94589453,25687272,694520,68902181,25687272,0.005537692,0.549385239,0.204815114
2022/2/25,12100,19881,1133734,95296073,94609334,26821006,686739,67788328,26821006,0.005475651,0.540504034,0.213854839
2022/2/26,16976,26123,1151954,95313049,94635457,27972960,677592,66662497,27972960,0.005402718,0.531527324,0.223039839
2022/2/27,7548,10142,805661,95320597,94645599,28778621,674998,65866978,28778621,0.005382035,0.525184326,0.229463703
2022/2/28,5594,12067,908641,95326191,94657666,29687262,668525,64970404,29687262,0.005330423,0.518035575,0.236708669
2022/3/1,8441,9170,976183,95334632,94666836,30663445,667796,64003391,30663445,0.00532461,0.510325185,0.244492175
2022/3/2,7260,8710,944255,95341892,94675546,31607700,666346,63067846,31607700,0.005313049,0.502865703,0.252021106
2022/3/3,7657,7478,943081,95349549,94683024,32550781,666525,62132243,32550781,0.005314476,0.495405758,0.259540676
2022/3/4,15031,7134,1170556,95364580,94690158,33721337,674422,60968821,33721337,0.005377442,0.486129319,0.268873997
2022/3/5,27563,19244,1180520,95392143,94709402,34901857,682741,59807545,34901857,0.005443773,0.476869991,0.278286765
2022/3/6,15270,6927,785771,95407413,94716329,35687628,691084,59028701,35687628,0.005510295,0.47065995,0.284552038
2022/3/7,12628,7996,882291,95420041,94724325,36569919,695716,58154406,36569919,0.005547228,0.463688838,0.291586905
2022/3/8,14218,8292,917608,95434259,94732617,37487527,701642,57245090,37487527,0.005594478,0.45643849,0.298903368
2022/3/9,13917,8315,872552,95448176,94740932,38360079,707244,56380853,38360079,0.005639145,0.449547576,0.305860582
2022/3/10,15080,7987,859072,95463256,94748919,39219151,714337,55529768,39219151,0.005695701,0.442761527,0.312710314
2022/3/11,25034,14097,1118038,95488290,94763016,40337189,725274,54425827,40337189,0.005782906,0.433959355,0.321624888
2022/3/12,54694,20433,1127368,95542984,94783449,41464557,759535,53318892,41464557,0.006056083,0.42513331,0.330613854
2022/3/13,24111,8011,699020,95567095,94791460,42163577,775635,52627883,42163577,0.006184455,0.419623613,0.336187426
2022/3/14,19354,7463,793176,95586449,94798923,42956753,787526,51842170,42956753,0.006279267,0.413358802,0.342511742
2022/3/15,22464,8079,831560,95608913,94807002,43788313,801911,51018689,43788313,0.006393964,0.406792851,0.349142109
2022/3/16,19585,4676,798236,95628498,94811678,44586549,816820,50225129,44586549,0.00651284,0.400465473,0.355506771
2022/3/17,17685,6640,772303,95646183,94818318,45358852,827865,49459466,45358852,0.006600906,0.394360529,0.361664659
2022/3/18,35121,11928,1066200,95681304,94830246,46425052,851058,48405194,46425052,0.006785833,0.385954388,0.370165907
2022/3/19,71184,16805,1105872,95752488,94847051,47530924,905437,47316127,47530924,0.007219419,0.377270812,0.378983476
2022/3/20,31858,7659,653399,95784346,94854710,48184323,929636,46670387,48184323,0.007412368,0.372122063,0.384193293
2022/3/21,3318,1386,199849,95787664,94856096,48384172,931568,46471924,48384172,0.007427772,0.370539636,0.385786771
2022/3/22,23514,9988,732784,95811178,94866084,49116956,945094,45749128,49116956,0.007535621,0.364776489,0.391629557
2022/3/23,23966,7946,691387,95835144,94874030,49808343,961114,45065687,49808343,0.007663355,0.359327134,0.397142268
2022/3/24,22521,8658,679251,95857665,94882688,50487594,974977,44395094,50487594,0.00777389,0.353980222,0.402558214
2022/3/25,41738,15699,973550,95899403,94898387,51461144,1001016,43437243,51461144,0.00798151,0.346342885,0.410320726
2022/3/26,79718,28592,976423,95979121,94926979,52437567,1052142,42489412,52437567,0.008389158,0.338785441,0.418106145
2022/3/27,39485,15354,527309,96018606,94942333,52964876,1076273,41977457,52964876,0.008581564,0.334703415,0.422310595
2022/3/28,24797,13276,631073,96043403,94955609,53595949,1087794,41359660,53595949,0.008673426,0.329777467,0.427342398
2022/3/29,27965,14504,619370,96071368,94970113,54215319,1101255,40754794,54215319,0.008780756,0.324954623,0.432280888
2022/3/30,24802,13769,552443,96096170,94983882,54767762,1112288,40216120,54767762,0.008868727,0.320659555,0.436685742
2022/3/31,19403,14433,465459,96115573,94998315,55233221,1117258,39765094,55233221,0.008908354,0.317063341,0.440397037
2022/4/1,36747,23200,590690,96152320,95021515,55823911,1130805,39197604,55823911,0.00901637,0.312538511,0.44510685
2022/4/2,67331,50962,653083,96219651,95072477,56476994,1147174,38595483,56476994,0.009146887,0.307737554,0.450314147
2022/4/3,31237,22425,302233,96250888,95094902,56779227,1155986,38315675,56779227,0.009217149,0.305506531,0.452723974
2022/4/4,19240,18464,416055,96270128,95113366,57195282,1156762,37918084,57195282,0.009223336,0.302336375,0.456041351
2022/4/5,19966,20514,427145,96290094,95133880,57622427,1156214,37511453,57622427,0.009218967,0.29909414,0.459447152
2022/4/6,17110,17421,398493,96307204,95151301,58020920,1155903,37130381,58020920,0.009216487,0.296055698,0.4626245
2022/4/7,14402,16252,402384,96321606,95167553,58423304,1154053,36744249,58423304,0.009201736,0.292976909,0.465832872
2022/4/8,11349,32933,709364,96332955,95200486,59132668,1132469,36067818,59132668,0.009029638,0.287583449,0.471488921
2022/4/9,46141,68682,750145,96379096,95269168,59882813,1109928,35386355,59882813,0.008849909,0.282149866,0.477470133
2022/4/10,15263,28317,343822,96394359,95297485,60226635,1096874,35070850,60226635,0.008745825,0.279634215,0.480211567
2022/4/11,12126,4356,397762,96406485,95301841,60624397,1104644,34677444,60624397,0.008807778,0.276497429,0.483383086
2022/4/12,5764,20498,398351,96412249,95322339,61022748,1089910,34299591,61022748,0.008690298,0.273484652,0.486559301
2022/4/13,5354,20635,376925,96417603,95342974,61399673,1074629,33943301,61399673,0.008568456,0.270643807,0.489564678
2022/4/14,5043,19343,376837,96422646,95362317,61776510,1060329,33585807,61776510,0.008454436,0.267793361,0.492569353
2022/4/15,20615,39325,715996,96443261,95401642,62492506,1041619,32909136,62492506,0.008305254,0.262397987,0.498278282
2022/4/16,42016,77608,755993,96485277,95479250,63248499,1006027,32230751,63248499,0.008021464,0.256988946,0.504306123
2022/4/17,18820,35850,333112,96504097,95515100,63581611,988997,31933489,63581611,0.007885677,0.254618754,0.506962161
2022/4/18,13524,20791,351911,96517621,95535891,63933522,981730,31602369,63933522,0.007827734,0.251978599,0.509768091
2022/4/19,14780,23651,354642,96532401,95559542,64288164,972859,31271378,64288164,0.007757002,0.249339473,0.512595797
2022/4/20,14722,21854,343342,96547123,95581396,64631506,965727,30949890,64631506,0.007700136,0.246776118,0.515333403
2022/4/21,13495,16924,353329,96560618,95598320,64984835,962298,30613485,64984835,0.007672795,0.244093823,0.518150639
2022/4/22,25836,38001,694360,96586454,95636321,65679195,950133,29957126,65679195,0.007575799,0.238860405,0.523687055
2022/4/23,54111,72915,768888,96640565,95709236,66448083,931329,29261153,66448083,0.007425867,0.233311128,0.529817713
2022/4/24,19638,31646,324981,96660203,95740882,66773064,919321,28967818,66773064,0.007330122,0.230972248,0.53240892
2022/4/25,14684,17980,339149,96674887,95758862,67112213,916025,28646649,67112213,0.007303842,0.228411436,0.535113093
2022/4/26,15289,19165,334141,96690176,95778027,67446354,912149,28331673,67446354,0.007272937,0.225900004,0.537777336
2022/4/27,13008,17400,327545,96703184,95795427,67773899,907757,28021528,67773899,0.007237917,0.223427091,0.540388986
2022/4/28,15051,17514,456347,96718235,95812941,68230246,905294,27582695,68230246,0.007218279,0.219928096,0.544027627
2022/4/29,4356,4580,257703,96722591,95817521,68487949,905070,27329572,68487949,0.007216493,0.217909843,0.546082398
2022/4/30,33428,49523,524145,96756019,95867044,69012094,888975,26854950,69012094,0.007088161,0.214125488,0.550261621
2022/5/1,7451,13752,158839,96763470,95880796,69170933,882674,26709863,69170933,0.00703792,0.21296865,0.551528109
2022/5/2,7327,11925,237940,96770797,95892721,69408873,878076,26483848,69408873,0.007001259,0.21116654,0.553425302
2022/5/3,1265,1203,75291,96772062,95893924,69484164,878138,26409760,69484164,0.007001753,0.210575806,0.554025628
2022/5/4,750,1038,50547,96772812,95894962,69534711,877850,26360251,69534711,0.006999457,0.210181051,0.55442866
2022/5/5,559,662,32615,96773371,95895624,69567326,877747,26328298,69567326,0.006998635,0.209926277,0.554688712
2022/5/6,16649,23163,323145,96790020,95918787,69890471,871233,26028316,69890471,0.006946697,0.207534397,0.557265279
2022/5/7,32751,43125,379928,96822771,95961912,70270399,860859,25691513,70270399,0.006863981,0.20484893,0.560294601
2022/5/8,10814,18107,122508,96833585,95980019,70392907,853566,25587112,70392907,0.00680583,0.204016498,0.561271407
2022/5/9,10449,14607,203668,96844034,95994626,70596575,849408,25398051,70596575,0.006772677,0.202509037,0.562895335
2022/5/10,11638,15866,211892,96855672,96010492,70808467,845180,25202025,70808467,0.006738965,0.200946042,0.564584837
2022/5/11,9304,14850,202750,96864976,96025342,71011217,839634,25014125,71011217,0.006694745,0.199447838,0.566201445
2022/5/12,8036,13259,201836,96873012,96038601,71213053,834411,24825548,71213053,0.0066531,0.197944237,0.567810766
2022/5/13,19025,27088,454371,96892037,96065689,71667424,826348,24398265,71667424,0.00658881,0.194537335,0.571433652
2022/5/14,30650,55000,507215,96922687,96120689,72174639,801998,23946050,72174639,0.006394658,0.19093164,0.575477884
2022/5/15,8317,19025,172477,96931004,96139714,72347116,791290,23792598,72347116,0.006309278,0.189708104,0.576853114
2022/5/16,7157,14001,183185,96938161,96153715,72530301,784446,23623414,72530301,0.006254708,0.188359131,0.578313722
2022/5/17,7340,14549,178668,96945501,96168264,72708969,777237,23459295,72708969,0.006197228,0.187050543,0.579738315
2022/5/18,7040,12826,171464,96952541,96181090,72880433,771451,23300657,72880433,0.006151094,0.185785658,0.581105468
2022/5/19,5717,12554,170189,96958258,96193644,73050622,764614,23143022,73050622,0.00609658,0.18452877,0.582462454
2022/5/20,15896,9175,388706,96974154,96202819,73439328,771335,22763491,73439328,0.006150169,0.181502614,0.585561766
2022/5/21,23124,36089,432834,96997278,96238908,73872162,758370,22366746,73872162,0.006046794,0.178339204,0.589012928
2022/5/22,6183,9227,125673,97003461,96248135,73997835,755326,22250300,73997835,0.006022523,0.177410732,0.590014971
2022/5/23,7546,7230,141597,97011007,96255365,74139432,755642,22115933,74139432,0.006025042,0.176339369,0.591143981
2022/5/24,7794,2830,137068,97018801,96258195,74276500,760606,21981695,74276500,0.006064622,0.175269035,0.592236881
,,,,,,,,,,,,
,,,,,,,,,,,,
,,,,,,,,,,,,
,,,,,,,,,,,,
,,,,,,,,,,,,
,,,,,,,,,,,,
,,,,,,,,,,,,
,,,,,,,,,,,,
,,,,,,,,,,,,
,,,,,,,,,,,,
,,,,,,,,,,,,
,,,,,,,,,,,,
,,,,,,,,,,,,
,,,,,,,,,,,,
,,,,,,,,,,,,
,,,,,,,,,,,,
,,,,,,,,,,,,
,,,,,,,,,,,,
,,,,,,,,,,,,
,,,,,,,,,,,,
,,,,,,,,,,,,
,,,,,,,,,,,,
,,,,,,,,,,,,
,,,,,,,,,,,,
,,,,,,,,,,,,
,,,,,,,,,,,,
,,,,,,,,,,,,
,,,,,,,,,,,,
,,,,,,,,,,,,
,,,,,,,,,,,,
,,,,,,,,,,,,
,,,,,,,,,,,,
,,,,,,,,,,,,
,,,,,,,,,,,,
,,,,,,,,,,,,
,,,,,,,,,,,,
,,,,,,,,,,,,
